<?xml version="1.0" encoding="UTF-8"?>
<project-private xmlns="http://www.netbeans.org/ns/project-private/1">
    <editor-bookmarks xmlns="http://www.netbeans.org/ns/editor-bookmarks/2" lastBookmarkId="0"/>
    <open-files xmlns="http://www.netbeans.org/ns/projectui-open-files/2">
        <group>
            <file>file:/C:/code/AccesToDB_ii/src/presentacion/PantallaLibreria.java</file>
            <file>file:/C:/code/AccesToDB_ii/src/entidades/Libro.java</file>
            <file>file:/C:/code/AccesToDB_ii/src/accesoDatos/RepositorioLibro.java</file>
            <file>file:/C:/code/AccesToDB_ii/src/negocio/FacadeLibreria.java</file>
            <file>file:/C:/code/AccesToDB_ii/src/negocio/Constantes.java</file>
        </group>
    </open-files>
</project-private>
